Workbook
Name Hrs_extras: SUM(#REF!,#REF!,#REF!,#REF!,#REF!,#REF!,#REF!,#REF!,#REF!,#REF!,#REF!,#REF!)
Name HrsNormais: SUM(#REF!,#REF!,#REF!,#REF!,#REF!,#REF!,#REF!,#REF!,#REF!,#REF!,#REF!,#REF!)
Name RegiãoDoTítuloDaLinha1..C6.1: #REF!
Name RegiãoDoTítuloDaLinha2..G4.1: #REF!
Name RegiãoDoTítuloDaLinha3..H16.1: #REF!
Name RegiãoDoTítuloDaLinha4..G17.1: #REF!
Name RegiãoDoTítuloDaLinha5..H18.1: #REF!
Name Título1: #REF!

Sheet Dados para Automatizar
A1: Autorização | B1: Valor | E1: ANTES DE EXECUTAR A APLICAÇÃO NO SISTEMA, COLOCAR A PLANILHA DE FORMA CORRETA, AUTORIZAÇÃO E VALOR!!!!
A2: QGQ1G42 | B2: 264.7
A3: RQH7D49 | B3: 289.02
A4: RQH4I08 | B4: 266.49
A5: RQA5F51 | B5: 212.35
A6: RPF4D51 | B6: 261.39
A7: SEA9C13 | B7: 179.17
A8: RQJ9A83 | B8: 278.71
A9: TSP6D30 | B9: 284.49
A10: SGR7H59 | B10: 70.28
A11: QGL6808 | B11: 265.44
A12: RGG8E54 | B12: 138.51
A13: RQK9C65 | B13: 154.82
... A70: RQH4I08 | B70: 33.19

Sheet 2702
A1: Placa | B1: Valor | C1: Comb | D1: Vol | E1: Data | F1: =COUNTIF(A:A,A1) -> 1
A2: QGQ1G42 | B2: 264.7 | C2: D1 | D2: 41.47 | E2: 46080.003 | F2: =COUNTIF(A:A,A2) -> 1
A3: RQH7D49 | B3: 289.02 | C3: D1 | D3: 45.28 | E3: 46080.184 | F3: =COUNTIF(A:A,A3) -> 1
A4: RQH4I08 | B4: 266.49 | C4: D1 | D4: 41.75 | E4: 46080.185 | F4: 1
A5: RQA5F51 | B5: 212.35 | C5: GC | D5: 32 | E5: 46080.308 | F5: =COUNTIF(A:A,A5) -> 1
A6: RPF4D51 | B6: 261.39 | C6: GC | D6: 39.39 | E6: 46080.31 | F6: =COUNTIF(A:A,A6) -> 1
A7: SEA9C13 | B7: 179.17 | C7: GC | D7: 27 | E7: 46080.313 | F7: =COUNTIF(A:A,A7) -> 1
A8: RQJ9A83 | B8: 278.71 | C8: GC | D8: 42 | E8: 46080.319 | F8: =COUNTIF(A:A,A8) -> 1
A9: TSP6D30 | B9: 284.49 | C9: D1 | D9: 44.57 | E9: 46080.326 | F9: =COUNTIF(A:A,A9) -> 1
A10: SGR7H59 | B10: 70.28 | C10: D1 | D10: 11.01 | E10: 46080.331 | F10: =COUNTIF(A:A,A10) -> 1
A11: QGL6808 | B11: 265.44 | C11: GC | D11: 40 | E11: 46080.346 | F11: =COUNTIF(A:A,A11) -> 1
A12: RGG8E54 | B12: 138.51 | C12: D1 | D12: 21.7 | E12: 46080.36 | F12: =COUNTIF(A:A,A12) -> 1
A13: RQK9C65 | B13: 154.82 | C13: GC | D13: 23.33 | E13: 46080.363 | F13: =COUNTIF(A:A,A13) -> 1
A14: RQB9B92 | B14: 199.15 | C14: GC | D14: 30.01 | E14: 46080.365 | F14: =COUNTIF(A:A,A14) -> 1
A15: RQE2F19 | B15: 199.08 | C15: GC | D15: 30 | E15: 46080.373 | F15: =COUNTIF(A:A,A15) -> 1
A16: SEA9C48 | B16: 112.94 | C16: GC | D16: 17.02 | E16: 46080.394 | F16: =COUNTIF(A:A,A16) -> 1
... A33: QZO9C60 | B33: 236.17 | C33: D1 | D33: 37 | E33: 46080.528 | F33: =COUNTIF(A:A,A33) -> 1
A34: OWD2194 | B34: 14.6 | C34: GC | D34: 2.2 | E34: 46080.54 | F34: 1
A35: RQH5J19 | B35: 248.49 | C35: D1 | D35: 38.93 | E35: 46080.545 | F35: =COUNTIF(A:A,A35) -> 1
A36: OWD2194 | B36: 232.26 | C36: GC | D36: 35 | E36: 46080.546 | F36: 1
A37: RQD0A88 | B37: 153.45 | C37: D1 | D37: 24.04 | E37: 46080.547 | F37: =COUNTIF(A:A,A37) -> 1
A38: RQI7I03 | B38: 93.7 | C38: GC | D38: 14.12 | E38: 46080.555 | F38: =COUNTIF(A:A,A38) -> 1
A39: SEA9D08 | B39: 156.54 | C39: GC | D39: 23.59 | E39: 46080.556 | F39: =COUNTIF(A:A,A39) -> 1
A40: TVK4C50 | B40: 210.7 | C40: D1 | D40: 33.01 | E40: 46080.561 | F40: =COUNTIF(A:A,A40) -> 1
A41: RQE5C68 | B41: 165.9 | C41: GC | D41: 25 | E41: 46080.575 | F41: =COUNTIF(A:A,A41) -> 1
A42: RQH7D20 | B42: 286.15 | C42: D1 | D42: 44.83 | E42: 46080.581 | F42: =COUNTIF(A:A,A42) -> 1
A43: ELO2F64 | B43: 4920.3 | C43: D1 | D43: 770 | E43: 46080.601 | F43: =COUNTIF(A:A,A43) -> 1
A44: RPJ4F69 | B44: 86.27 | C44: GC | D44: 13 | E44: 46080.602 | F44: =COUNTIF(A:A,A44) -> 1
A45: TSV0B25 | B45: 197.23 | C45: D1 | D45: 30.9 | E45: 46080.602 | F45: =COUNTIF(A:A,A45) -> 1
A46: RGG2J78 | B46: 266.04 | C46: GC | D46: 40.09 | E46: 46080.61 | F46: =COUNTIF(A:A,A46) -> 1
A47: RQK9D44 | B47: 132.72 | C47: GC | D47: 20 | E47: 46080.649 | F47: =COUNTIF(A:A,A47) -> 1
A48: QGM7982 | B48: 215.8 | C48: GC | D48: 32.52 | E48: 46080.651 | F48: =COUNTIF(A:A,A48) -> 1
... A69: RQC4E19 | B69: 364.92 | C69: D1 | D69: 57.17 | E69: 46080.875 | F69: =COUNTIF(A:A,A69) -> 1
A70: RQH4I08 | B70: 33.19 | C70: D1 | D70: 5.2 | E70: 46080.969 | F70: 1

Sheet Planilha3
A1: OWD2194 | B1: 232.26 | C1: =VLOOKUP(A1,'2702'!A:G,3,) -> GC | D1: =VLOOKUP(A1,'2702'!A:G,4,FALSE) -> 2.2 | E1: =D1*6.59 -> 14.498 | F1: 14.5 | G1: JOSENILDO RODRIGUES DO NASCIMENTO | H1: CTF ANTENA
A2: DRY2020 | B2: 170.68 | C2: =VLOOKUP(A2,'2702'!A:G,3,) -> GC | D2: =VLOOKUP(A2,'2702'!A:G,4,FALSE) -> 25.9 | E2: =D2*6.59 -> 170.681 | F2: 170.72 | G2: AMILTON DO NASCIMENTO OLIVEIRA | H2: POS - CTF
A3: RQE2F19 | B3: 199.08 | C3: =VLOOKUP(A3,'2702'!A:G,3,) -> GC | D3: =VLOOKUP(A3,'2702'!A:G,4,FALSE) -> 30 | E3: =D3*6.59 -> 197.7 | F3: 197.7 | G3: RANNIERY DOS SANTOS ARAUJO JUNIOR | H3: CTF ANTENA
A4: QGL6808 | B4: 265.44 | C4: =VLOOKUP(A4,'2702'!A:G,3,) -> GC | D4: =VLOOKUP(A4,'2702'!A:G,4,FALSE) -> 40 | E4: =D4*6.59 -> 263.6 | F4: 263.6 | G4: RANNIERY DOS SANTOS ARAUJO JUNIOR | H4: CTF ANTENA
A5: RGG2J78 | B5: 266.04 | C5: =VLOOKUP(A5,'2702'!A:G,3,) -> GC | D5: =VLOOKUP(A5,'2702'!A:G,4,FALSE) -> 40.09 | E5: =D5*6.59 -> 264.1931 | F5: 264.17 | G5: RICARDO ALEXANDRE BARBOSA | H5: CTF ANTENA
A6: TST9D90 | B6: 280.28 | C6: =VLOOKUP(A6,'2702'!A:G,3,) -> D1 | D6: =VLOOKUP(A6,'2702'!A:G,4,FALSE) -> 43.91 | E6: =D6*6.39 -> 280.5849 | F6: 280.55 | G6: RICARDO ALEXANDRE BARBOSA | H6: CTF ANTENA
